ID,E
U2_N1_OV0_01,0.646153
U2_N1_OV0_02,0.648581
U2_N1_OV0_03,0.58697
U2_N1_OV0_04,0.37866
U2_N1_OV0_05,0.721146
U2_N1_OV0_06,0.63324
U2_N1_OV0_07,0.605687
U2_N1_OV0_08,0.650076
U2_N1_OV0_09,0.759963
U2_N1_OV0_10,0.614429
U2_N2_OV0_01,2.120735
U2_N2_OV0_02,2.121774
U2_N2_OV0_03,2.066809
U2_N2_OV0_04,2.200152
U2_N2_OV0_05,0
U2_N2_OV0_06,2.169116
U2_N2_OV0_07,2.095527
U2_N2_OV0_08,2.177009
U2_N2_OV0_09,2.135472
U2_N2_OV0_10,2.058798
U2_N2_OV0_11,2.276077
U2_N2_OV0_12,2.091842
